Workbook
Name _2000_0630100000_Umsatzerlöse: #REF!
Name _2000_0630100000_Umsatzerlöse: #REF!
Name _2000_0630160000_Konsortialanteile_Umsatzerlöse__UPL__verb.: #REF!
Name _2000_0630160000_Konsortialanteile_Umsatzerlöse__UPL__verb.: #REF!
Name _2000_0630160100_Untervergabe_an_verb._Unternehmen__UPL: #REF!
Name _2000_0630160100_Untervergabe_an_verb._Unternehmen__UPL: #REF!
Name _2000_0630180000_Umsatzerlöse__UPL: #REF!
Name _2000_0630180000_Umsatzerlöse__UPL: #REF!
Name _2000_0630440000_Auftragskosten__UKV: #REF!
Name _2000_0630440000_Auftragskosten__UKV: #REF!
Name _2000_0630440010_Auftragskosten_des_Umsatzes__UKV: #REF!
Name _2000_0630440010_Auftragskosten_des_Umsatzes__UKV: #REF!
Name _2000_0630440020_Konsortialanteile_in_Auftragskosten__UKV: #REF!
Name _2000_0630440020_Konsortialanteile_in_Auftragskosten__UKV: #REF!
Name _2000_0630440021_Untervergabe_an_verb._Unternehmen__UKV: #REF!
Name _2000_0630440021_Untervergabe_an_verb._Unternehmen__UKV: #REF!
Name _2000_0630440030_Auftragskosten_des_Umsatzes_für_ZG__UKV: #REF!
Name _2000_0630440030_Auftragskosten_des_Umsatzes_für_ZG__UKV: #REF!
Name _2000_0630450000_Auflösung_Rückst._Nachlaufkosten__UKV: #REF!
Name _2000_0630450000_Auflösung_Rückst._Nachlaufkosten__UKV: #REF!
Name _2000_0630460000_Deckungsabweichung__UKV: #REF!
Name _2000_0630460000_Deckungsabweichung__UKV: #REF!
Name _2000_0630470000_Garantiekosten__UKV: #REF!
Name _2000_0630470000_Garantiekosten__UKV: #REF!
Name _2000_0630480000_Forschung_und_Entwicklung__UKV: #REF!
Name _2000_0630480000_Forschung_und_Entwicklung__UKV: #REF!
Name _2000_0630490000_Vertriebskosten__UKV: #REF!
Name _2000_0630490000_Vertriebskosten__UKV: #REF!
Name _2000_0630500000_Sonstige_betriebliche_Erträge: #REF!
Name _2000_0630500000_Sonstige_betriebliche_Erträge: #REF!
Name _2000_0630500010_Ertr.aus_dem_Abgang_von_Gegenst._des_AV: #REF!
Name _2000_0630500010_Ertr.aus_dem_Abgang_von_Gegenst._des_AV: #REF!
Name _2000_0630500022_Ertr.aus_der_Zuschreib._zu_Gegenst._d._Finanz: #REF!
Name _2000_0630500022_Ertr.aus_der_Zuschreib._zu_Gegenst._d._Finanz: #REF!
Name _2000_0630500023_Ertr.aus_der_Zuschreib._Goodwill: #REF!
Name _2000_0630500023_Ertr.aus_der_Zuschreib._Goodwill: #REF!
Name _2000_0630500030_Ertr.aus_der_Aufl.von_Rückstellungen: #REF!
Name _2000_0630500030_Ertr.aus_der_Aufl.von_Rückstellungen: #REF!
Name _2000_0630500040_Ertr.aus_der_Aufl.des_Sonderp.mit_Rueckl.Ant.: #REF!
Name _2000_0630500040_Ertr.aus_der_Aufl.des_Sonderp.mit_Rueckl.Ant.: #REF!
Name _2000_0630500300_Ertr.aus_dem_Abgang_von_Gegenst._des_AV__UKV: #REF!
Name _2000_0630500300_Ertr.aus_dem_Abgang_von_Gegenst._des_AV__UKV: #REF!
Name _2000_0630500305_Ertr.aus_dem_Abgang_von_Finanzanlagever._UKV: #REF!
Name _2000_0630500305_Ertr.aus_dem_Abgang_von_Finanzanlagever._UKV: #REF!
Name _2000_0630500310_Ertr.aus_Wertaufholung_Anlageverm.__UKV: #REF!
Name _2000_0630500310_Ertr.aus_Wertaufholung_Anlageverm.__UKV: #REF!
Name _2000_0630500320_Garantierückstellung_Auflösung__UKV: #REF!
Name _2000_0630500320_Garantierückstellung_Auflösung__UKV: #REF!
Name _2000_0630500330_Auflösung_sonstige_Rückstellung__UKV: #REF!
Name _2000_0630500330_Auflösung_sonstige_Rückstellung__UKV: #REF!
Name _2000_0630500335_Auflösung_poc_Rückstellung__UKV: #REF!
Name _2000_0630500335_Auflösung_poc_Rückstellung__UKV: #REF!
Name _2000_0630500340_Kursgewinne_Ford._und_Verb._UKV: #REF!
Name _2000_0630500340_Kursgewinne_Ford._und_Verb._UKV: #REF!
Name _2000_0630500350_WB_auf_Forderungen_Auflösung__UKV: #REF!
Name _2000_0630500350_WB_auf_Forderungen_Auflösung__UKV: #REF!
Name _2000_0630500360_Ertr._aus_Änderungen_Bewertungsmeth.__UKV: #REF!
Name _2000_0630500360_Ertr._aus_Änderungen_Bewertungsmeth.__UKV: #REF!
Name _2000_0630500370_Management_fees_Ertrag__UKV: #REF!
Name _2000_0630500370_Management_fees_Ertrag__UKV: #REF!

Sheet Tab. Welding
B2: Welding
B4: Month | C4: Orders | D4: last forecast | E4: report last Month | F4: LOI | G4: SMI | H4: LABOUR SUPPLY | I4: NPK +LABOUR SUPPLY Capacity | J4: Khurda-Job Contractor | K4: Mancheswar-Job Contractor | L4: Total Job contractor | M4: NPK + Labour Supply+ Job contractor capacity
B5: 46174 | C5: ='[7]SUMMARY-CP'!$D$6 -> 49831.25 | G5: ='[7]SUMMARY-CP'!$D$28 -> 1591.8836 | H5: ='[7]SUMMARY-CP'!$D$29 -> 21490.428 | I5: =G5+H5 -> 23082.312 | J5: ='[7]SUMMARY-CP'!$D$30 -> 14857.58 | K5: ='[7]SUMMARY-CP'!$D$32 -> 11527.57 | L5: =J5+K5 -> 26385.15 | M5: =I5+L5 -> 49467.462 | N5: =C5+F5 -> 49831.25 | O5: =M5-N5 -> -363.78834
B6: 46204 | C6: ='[7]SUMMARY-CP'!$E$6 -> 49026.75 | F6: 435 | G6: ='[7]SUMMARY-CP'!$E$28 -> 1644.9464 | H6: ='[7]SUMMARY-CP'!$E$29 -> 22206.776 | I6: =G6+H6 -> 23851.722 | J6: ='[7]SUMMARY-CP'!$E$30 -> 15352.833 | K6: ='[7]SUMMARY-CP'!$E$32 -> 11911.822 | L6: =J6+K6 -> 27264.655 | M6: =I6+L6 -> 51116.377 | N6: =C6+F6 -> 49461.75 | O6: =M6-N6 -> 1654.627
B7: 46235 | C7: ='[7]SUMMARY-CP'!$F$6 -> 47313.75 | F7: 435 | G7: ='[7]SUMMARY-CP'!$F$28 -> 1644.9464 | H7: ='[7]SUMMARY-CP'!$F$29 -> 22206.776 | I7: =G7+H7 -> 23851.722 | J7: ='[7]SUMMARY-CP'!$F$30 -> 15352.833 | K7: ='[7]SUMMARY-CP'!$F$32 -> 11911.822 | L7: =J7+K7 -> 27264.655 | M7: =I7+L7 -> 51116.377 | N7: =C7+F7 -> 47748.75 | O7: =M7-N7 -> 3367.627
B8: 46266 | C8: ='[7]SUMMARY-CP'!$G$6 -> 44617.75 | G8: ='[7]SUMMARY-CP'!$G$28 -> 1591.8836 | H8: ='[7]SUMMARY-CP'!$G$29 -> 21490.428 | I8: =G8+H8 -> 23082.312 | J8: ='[7]SUMMARY-CP'!$G$30 -> 14857.58 | K8: ='[7]SUMMARY-CP'!$G$32 -> 11527.57 | L8: =J8+K8 -> 26385.15 | M8: =I8+L8 -> 49467.462 | N8: =C8+F8 -> 44617.75 | O8: =M8-N8 -> 4849.7117
B9: 46296 | C9: ='[7]SUMMARY-CP'!$H$6+500 -> 44683.5 | G9: ='[7]SUMMARY-CP'!$H$28 -> 1644.9464 | H9: ='[7]SUMMARY-CP'!$H$29 -> 22206.776 | I9: =G9+H9 -> 23851.722 | J9: ='[7]SUMMARY-CP'!$H$30 -> 15352.833 | K9: ='[7]SUMMARY-CP'!$H$32 -> 11911.822 | L9: =J9+K9 -> 27264.655 | M9: =I9+L9 -> 51116.377 | N9: =C9+F9 -> 44683.5 | O9: =M9-N9 -> 6432.877
B10: 46327 | C10: ='[7]SUMMARY-CP'!$I$6-500 -> 41276.5 | F10: 5000 | G10: ='[7]SUMMARY-CP'!$I$28 -> 1591.8836 | H10: ='[7]SUMMARY-CP'!$I$29 -> 21490.428 | I10: =G10+H10 -> 23082.312 | J10: ='[7]SUMMARY-CP'!$I$30 -> 14857.58 | K10: ='[7]SUMMARY-CP'!$I$32 -> 11527.57 | L10: =J10+K10 -> 26385.15 | M10: =I10+L10 -> 49467.462 | N10: =C10+F10 -> 46276.5 | O10: =M10-N10 -> 3190.9617
B11: 46357 | C11: ='[7]SUMMARY-CP'!$J$6 -> 24975 | F11: 20000 | G11: ='[7]SUMMARY-CP'!$J$28 -> 1644.9464 | H11: ='[7]SUMMARY-CP'!$J$29 -> 22206.776 | I11: =G11+H11 -> 23851.722 | J11: ='[7]SUMMARY-CP'!$J$30 -> 15352.833 | K11: ='[7]SUMMARY-CP'!$J$32 -> 11911.822 | L11: =J11+K11 -> 27264.655 | M11: =I11+L11 -> 51116.377 | N11: =C11+F11 -> 44975 | O11: =M11-N11 -> 6141.377
B12: 46388 | C12: ='[7]SUMMARY-CP'!$K$6 -> 20989 | F12: 22000 | G12: ='[7]SUMMARY-CP'!$K$28 -> 1644.9464 | H12: ='[7]SUMMARY-CP'!$K$29 -> 22206.776 | I12: =G12+H12 -> 23851.722 | J12: ='[7]SUMMARY-CP'!$K$30 -> 15352.833 | K12: ='[7]SUMMARY-CP'!$K$32 -> 11911.822 | L12: =J12+K12 -> 27264.655 | M12: =I12+L12 -> 51116.377 | N12: =C12+F12 -> 42989 | O12: =M12-N12 -> 8127.377
B13: 46419 | C13: ='[7]SUMMARY-CP'!$L$6 -> 9300 | F13: 24000 | G13: ='[7]SUMMARY-CP'!$L$28 -> 1485.758 | H13: ='[7]SUMMARY-CP'!$L$29 -> 20057.733 | I13: =G13+H13 -> 21543.491 | J13: ='[7]SUMMARY-CP'!$L$30 -> 13867.075 | K13: ='[7]SUMMARY-CP'!$L$32 -> 10759.065 | L13: =J13+K13 -> 24626.14 | M13: =I13+L13 -> 46169.631 | N13: =C13+F13 -> 33300 | O13: =M13-N13 -> 12869.631
B14: 46447 | C14: ='[7]SUMMARY-CP'!$M$6 -> 6550 | F14: 26000 | G14: ='[7]SUMMARY-CP'!$M$28 -> 1644.9464 | H14: ='[7]SUMMARY-CP'!$M$29 -> 22206.776 | I14: =G14+H14 -> 23851.722 | J14: ='[7]SUMMARY-CP'!$M$30 -> 15352.833 | K14: ='[7]SUMMARY-CP'!$M$32 -> 11911.822 | L14: =J14+K14 -> 27264.655 | M14: =I14+L14 -> 51116.377 | N14: =C14+F14 -> 32550 | O14: =M14-N14 -> 18566.377
B15: 46478 | C15: ='[7]SUMMARY-CP'!$N$6 -> 4050 | F15: 26000 | G15: ='[7]SUMMARY-CP'!$N$28 -> 1591.8836 | H15: ='[7]SUMMARY-CP'!$N$29 -> 21490.428 | I15: =G15+H15 -> 23082.312 | J15: ='[7]SUMMARY-CP'!$N$30 -> 14857.58 | K15: ='[7]SUMMARY-CP'!$N$32 -> 11527.57 | L15: =J15+K15 -> 26385.15 | M15: =I15+L15 -> 49467.462 | N15: =C15+F15 -> 30050 | O15: =M15-N15 -> 19417.462
B16: 46508 | C16: ='[7]SUMMARY-CP'!$O$6 -> 4050 | F16: 26000 | G16: ='[7]SUMMARY-CP'!$O$28 -> 1644.9464 | H16: ='[7]SUMMARY-CP'!$O$29 -> 22206.776 | I16: =G16+H16 -> 23851.722 | J16: ='[7]SUMMARY-CP'!$O$30 -> 15352.833 | K16: ='[7]SUMMARY-CP'!$O$32 -> 11911.822 | L16: =J16+K16 -> 27264.655 | M16: =I16+L16 -> 51116.377 | N16: =C16+F16 -> 30050 | O16: =M16-N16 -> 21066.377
C17: Total 12 months
B18: ∑ | C18: =SUM(C5:C16) -> 346663.5 | D18: =SUM(D5:D16) -> 0 | E18: =SUM(E5:E16) -> 0 | F18: =SUM(F5:F16) -> 149870 | G18: =SUM(G5:G16) -> 19367.917 | H18: =SUM(H5:H16) -> 261466.88 | I18: =SUM(I5:I16) -> 280834.8 | J18: =SUM(J5:J16) -> 180767.22 | ... M18: =SUM(M5:M16) -> 601854.12
B20: Ø | C20: =AVERAGE(C5:C16) -> 28888.625 | D20: =AVERAGE(D5:D16) -> #DIV/0! | E20: =AVERAGE(E5:E16) -> #DIV/0! | F20: =AVERAGE(F5:F16) -> 16652.222 | G20: =AVERAGE(G5:G16) -> 1613.9931 | H20: =AVERAGE(H5:H16) -> 21788.907 | I20: =AVERAGE(I5:I16) -> 23402.9 | J20: =AVERAGE(J5:J16) -> 15063.935 | ... M20: =AVERAGE(M5:M16) -> 50154.51
C21: =C18+C20 -> 375552.12
C23: 401639
C25: =C18-C23 -> -54975.5

Sheet Tab. Machining
B2: Machining
B4: Month | C4: Orders | D4: last forecast | E4: report last Month | F4: LOI | G4: Service Basic | H4: NPK
B5: 46174 | C5: ='[7]SUMMARY-CP'!$D$12 -> 8475 | H5: ='[7]SUMMARY-CP'!$D$38 -> 8737.4818 | I5: =C5+F5+G5 -> 8475 | J5: =H5-I5 -> 262.48179
B6: 46204 | C6: ='[7]SUMMARY-CP'!$E$12 -> 6792.5 | H6: ='[7]SUMMARY-CP'!$E$38 -> 9028.7312 | I6: =C6+F6+G6 -> 6792.5 | J6: =H6-I6 -> 2236.2312
B7: 46235 | C7: ='[7]SUMMARY-CP'!$F$12 -> 8144 | H7: ='[7]SUMMARY-CP'!$F$38 -> 9028.7312 | I7: =C7+F7+G7 -> 8144 | J7: =H7-I7 -> 884.73119
B8: 46266 | C8: ='[7]SUMMARY-CP'!$G$12 -> 6540 | G8: 767 | H8: ='[7]SUMMARY-CP'!$G$38 -> 8737.4818 | I8: =C8+F8+G8 -> 7307 | J8: =H8-I8 -> 1430.4818
B9: 46296 | C9: ='[7]SUMMARY-CP'!$H$12 -> 7635 | G9: 767 | H9: ='[7]SUMMARY-CP'!$H$38 -> 9028.7312 | I9: =C9+F9+G9 -> 8402 | J9: =H9-I9 -> 626.73119
B10: 46327 | C10: ='[7]SUMMARY-CP'!$I$12 -> 6550 | G10: 767 | H10: ='[7]SUMMARY-CP'!$I$38 -> 8737.4818 | I10: =C10+F10+G10 -> 7317 | J10: =H10-I10 -> 1420.4818
B11: 46357 | C11: ='[7]SUMMARY-CP'!$J$12 -> 5756 | F11: 500 | G11: 767 | H11: ='[7]SUMMARY-CP'!$J$38 -> 9028.7312 | I11: =C11+F11+G11 -> 7023 | J11: =H11-I11 -> 2005.7312
B12: 46388 | C12: ='[7]SUMMARY-CP'!$K$12 -> 4610 | F12: 500 | G12: 767 | H12: ='[7]SUMMARY-CP'!$K$38 -> 9028.7312 | I12: =C12+F12+G12 -> 5877 | J12: =H12-I12 -> 3151.7312
B13: 46419 | C13: ='[7]SUMMARY-CP'!$L$12 -> 3982 | F13: 3000 | G13: 767 | H13: ='[7]SUMMARY-CP'!$L$38 -> 8154.983 | I13: =C13+F13+G13 -> 7749 | J13: =H13-I13 -> 405.98301
B14: 46447 | C14: ='[7]SUMMARY-CP'!$M$12 -> 2236 | F14: 3700 | G14: 766 | H14: ='[7]SUMMARY-CP'!$M$38 -> 9028.7312 | I14: =C14+F14+G14 -> 6702 | J14: =H14-I14 -> 2326.7312
B15: 46478 | C15: ='[7]SUMMARY-CP'!$N$12 -> 3582 | F15: 4000 | G15: 766 | H15: ='[7]SUMMARY-CP'!$N$38 -> 8737.4818 | I15: =C15+F15+G15 -> 8348 | J15: =H15-I15 -> 389.48179
B16: 46508 | C16: ='[7]SUMMARY-CP'!$O$12 -> 4282 | F16: 4200 | G16: 766 | H16: ='[7]SUMMARY-CP'!$O$38 -> 9028.7312 | I16: =C16+F16+G16 -> 9248 | J16: =H16-I16 -> -219.26881
C17: Total 12 months
B18: ∑ | C18: =SUM(C5:C16) -> 68584.5 | D18: =SUM(D5:D16) -> 0 | E18: =SUM(E5:E16) -> 0 | F18: =SUM(F5:F16) -> 15900 | G18: =SUM(G5:G16) -> 6900 | H18: =SUM(H5:H16) -> 106306.03 | I18: =SUM(I5:I16) -> 91384.5
B20: Ø | C20: =AVERAGE(C5:C16) -> 5715.375 | D20: =AVERAGE(D5:D16) -> #DIV/0! | E20: =AVERAGE(E5:E16) -> #DIV/0! | F20: =AVERAGE(F5:F16) -> 2650 | G20: =AVERAGE(G5:G16) -> 766.66667 | H20: =AVERAGE(H5:H16) -> 8858.8357
K21: =6900+1400 -> 8300
K22: =K21/1000 -> 8.3
C23: 76814
C24: =C18-C23 -> -8229.5 | F24: =10000+8800 -> 18800
F27: =C18+F18+G18 -> 91384.5

Sheet Tab. Assembly
B2: Assembly
B4: Month | C4: Orders | D4: last forecast | E4: Service Basic | F4: LOI | G4: SMI-MFG | H4: Khurda-Job Contractor | I4: LABOUR SUPPLY | J4: NPK + Labour Supply+ Job contractor capacity
B5: 46174 | C5: ='[7]SUMMARY-CP'!$D$20 -> 5428 | G5: ='[7]SUMMARY-CP'!$D$40 -> 1355.887 | H5: ='[7]SUMMARY-CP'!$D$42 -> 1355.887 | I5: ='[7]SUMMARY-CP'!$D$41 -> 2711.774 | J5: =G5+H5+I5 -> 5423.5479 | K5: =C5+F5+E5 -> 5428 | L5: =J5-K5 -> -4.4520548
B6: 46204 | C6: ='[7]SUMMARY-CP'!$E$20 -> 5543 | G6: ='[7]SUMMARY-CP'!$E$40 -> 1401.0832 | H6: ='[7]SUMMARY-CP'!$E$42 -> 1401.0832 | I6: ='[7]SUMMARY-CP'!$E$41 -> 2802.1664 | J6: =G6+H6+I6 -> 5604.3329 | K6: =C6+F6+E6 -> 5543 | L6: =J6-K6 -> 61.332877
B7: 46235 | C7: ='[7]SUMMARY-CP'!$F$20 -> 5538 | G7: ='[7]SUMMARY-CP'!$F$40 -> 1401.0832 | H7: ='[7]SUMMARY-CP'!$F$42 -> 1401.0832 | I7: ='[7]SUMMARY-CP'!$F$41 -> 2802.1664 | J7: =G7+H7+I7 -> 5604.3329 | K7: =C7+F7+E7 -> 5538 | L7: =J7-K7 -> 66.332877
B8: 46266 | C8: ='[7]SUMMARY-CP'!$G$20 -> 5614 | G8: ='[7]SUMMARY-CP'!$G$40 -> 1355.887 | H8: ='[7]SUMMARY-CP'!$G$42 -> 1355.887 | I8: ='[7]SUMMARY-CP'!$G$41 -> 2711.774 | J8: =G8+H8+I8 -> 5423.5479 | K8: =C8+F8+E8 -> 5614 | L8: =J8-K8 -> -190.45205
B9: 46296 | C9: ='[7]SUMMARY-CP'!$H$20 -> 5542 | G9: ='[7]SUMMARY-CP'!$H$40 -> 1401.0832 | H9: ='[7]SUMMARY-CP'!$H$42 -> 1401.0832 | I9: ='[7]SUMMARY-CP'!$H$41 -> 2802.1664 | J9: =G9+H9+I9 -> 5604.3329 | K9: =C9+F9+E9 -> 5542 | L9: =J9-K9 -> 62.332877
B10: 46327 | C10: ='[7]SUMMARY-CP'!$I$20 -> 4785 | E10: 200 | G10: ='[7]SUMMARY-CP'!$I$40 -> 1355.887 | H10: ='[7]SUMMARY-CP'!$I$42 -> 1355.887 | I10: ='[7]SUMMARY-CP'!$I$41 -> 2711.774 | J10: =G10+H10+I10 -> 5423.5479 | K10: =C10+F10+E10 -> 4985 | L10: =J10-K10 -> 438.54795
B11: 46357 | C11: ='[7]SUMMARY-CP'!$J$20+550 -> 5315 | E11: 200 | G11: ='[7]SUMMARY-CP'!$J$40 -> 1401.0832 | H11: ='[7]SUMMARY-CP'!$J$42 -> 1401.0832 | I11: ='[7]SUMMARY-CP'!$J$41 -> 2802.1664 | J11: =G11+H11+I11 -> 5604.3329 | K11: =C11+F11+E11 -> 5515 | L11: =J11-K11 -> 89.332877
B12: 46388 | C12: ='[7]SUMMARY-CP'!$K$20+550 -> 4710 | E12: 200 | F12: 250 | G12: ='[7]SUMMARY-CP'!$K$40 -> 1401.0832 | H12: ='[7]SUMMARY-CP'!$K$42 -> 1401.0832 | I12: ='[7]SUMMARY-CP'!$K$41 -> 2802.1664 | J12: =G12+H12+I12 -> 5604.3329 | K12: =C12+F12+E12 -> 5160 | L12: =J12-K12 -> 444.33288
B13: 46419 | C13: ='[7]SUMMARY-CP'!$L$20+520 -> 3060 | E13: 200 | F13: 1500 | G13: ='[7]SUMMARY-CP'!$L$40 -> 1265.4945 | H13: ='[7]SUMMARY-CP'!$L$42 -> 1265.4945 | I13: ='[7]SUMMARY-CP'!$L$41 -> 2530.989 | J13: =G13+H13+I13 -> 5061.9781 | K13: =C13+F13+E13 -> 4760 | L13: =J13-K13 -> 301.97808
B14: 46447 | C14: ='[7]SUMMARY-CP'!$M$20-550 -> 1070 | E14: 200 | F14: 4100 | G14: ='[7]SUMMARY-CP'!$M$40 -> 1401.0832 | H14: ='[7]SUMMARY-CP'!$M$42 -> 1401.0832 | I14: ='[7]SUMMARY-CP'!$M$41 -> 2802.1664 | J14: =G14+H14+I14 -> 5604.3329 | K14: =C14+F14+E14 -> 5370 | L14: =J14-K14 -> 234.33288
B15: 46478 | C15: ='[7]SUMMARY-CP'!$N$20-500 -> -400 | E15: 200 | F15: 4700 | G15: ='[7]SUMMARY-CP'!$N$40 -> 1355.887 | H15: ='[7]SUMMARY-CP'!$N$42 -> 1355.887 | I15: ='[7]SUMMARY-CP'!$N$41 -> 2711.774 | J15: =G15+H15+I15 -> 5423.5479 | K15: =C15+F15+E15 -> 4500 | L15: =J15-K15 -> 923.54795
B16: 46508 | C16: ='[7]SUMMARY-CP'!$O$20-570 -> -470 | E16: 200 | F16: 4800 | G16: ='[7]SUMMARY-CP'!$O$40 -> 1401.0832 | H16: ='[7]SUMMARY-CP'!$O$42 -> 1401.0832 | I16: ='[7]SUMMARY-CP'!$O$41 -> 2802.1664 | J16: =G16+H16+I16 -> 5604.3329 | K16: =C16+F16+E16 -> 4530 | L16: =J16-K16 -> 1074.3329
C17: Total 12 months
B18: ∑ | C18: =SUM(C5:C16) -> 45735 | D18: =SUM(D5:D16) -> 0 | E18: =SUM(E5:E16) -> 1400 | F18: =SUM(F5:F16) -> 15350 | G18: =SUM(G5:G16) -> 16496.625 | H18: =SUM(H5:H16) -> 16496.625 | I18: =SUM(I5:I16) -> 32993.25 | J18: =SUM(J5:J16) -> 65986.5
B20: Ø | C20: =AVERAGE(C5:C16) -> 3811.25 | D20: =AVERAGE(D5:D16) -> #DIV/0! | E20: =AVERAGE(E5:E16) -> 200 | F20: =AVERAGE(F5:F16) -> 3070 | G20: =AVERAGE(G5:G16) -> 1374.7187 | H20: =AVERAGE(H5:H16) -> 1374.7187 | I20: =AVERAGE(I5:I16) -> 2749.4375 | J20: =AVERAGE(J5:J16) -> 5498.875
C22: 60037.642
E23: 13500 | F23: =7500+8500 -> 16000
F24: 17500

Sheet Service Machining
A1: Machining
A4: Month | B4: Orders CNC Milling | C4: Service Basic | D4: LOI | E4: Orders Lathe | F4: Service Basic | G4: last forecast | H4: report last Month | I4: LOI | J4: NPK CNC Milling | K4: NPK Lathe
A5: 46174 | B5: ='[7]SCB-CP'!$AV$214+100 -> 3621 | E5: ='[7]SCB-CP'!$BM$227-200 -> -200 | J5: 3919.7752 | K5: 4817.7066 | L5: =B5+C5+D5 -> 3621 | M5: =J5-L5 -> 298.77522 | N5: =E5+F5+I5 -> -200 | O5: =K5-N5 -> 5017.7066
A6: 46204 | B6: ='[7]SCB-CP'!$AW$214+200 -> 3693.5 | E6: ='[7]SCB-CP'!$BN$227-200 -> -200 | J6: 4050.4344 | K6: 4978.2968 | L6: =B6+C6+D6 -> 3693.5 | M6: =J6-L6 -> 356.93439 | N6: =E6+F6+I6 -> -200 | O6: =K6-N6 -> 5178.2968
A7: 46235 | B7: ='[7]SCB-CP'!$AX$214 -> 3630 | E7: ='[7]SCB-CP'!$BO$227 -> 0 | J7: 4050.4344 | K7: 4978.2968 | L7: =B7+C7+D7 -> 3630 | M7: =J7-L7 -> 420.43439 | N7: =E7+F7+I7 -> 0 | O7: =K7-N7 -> 4978.2968
A8: 46266 | B8: ='[7]SCB-CP'!$AY$214+285 -> 3071 | C8: 400 | E8: ='[7]SCB-CP'!$BP$227-250 -> -250 | F8: 300 | J8: 3919.7752 | K8: 4817.7066 | L8: =B8+C8+D8 -> 3471 | M8: =J8-L8 -> 448.77522 | N8: =E8+F8+I8 -> 50 | O8: =K8-N8 -> 4767.7066
A9: 46296 | B9: ='[7]SCB-CP'!$AZ$214 -> 3036 | C9: 400 | E9: ='[7]SCB-CP'!$BQ$227 -> 0 | F9: 300 | J9: 4050.4344 | K9: 4978.2968 | L9: =B9+C9+D9 -> 3436 | M9: =J9-L9 -> 614.43439 | N9: =E9+F9+I9 -> 300 | O9: =K9-N9 -> 4678.2968
A10: 46327 | B10: ='[7]SCB-CP'!$BA$214 -> 3106 | C10: 300 | D10: 400 | E10: ='[7]SCB-CP'!$BR$227 -> 0 | F10: 300 | I10: 100 | J10: 3919.7752 | K10: 4817.7066 | L10: =B10+C10+D10 -> 3806 | M10: =J10-L10 -> 113.77522 | N10: =E10+F10+I10 -> 400 | O10: =K10-N10 -> 4417.7066
A11: 46357 | B11: ='[7]SCB-CP'!$BB$214-405 -> 2772 | C11: 200 | D11: 500 | E11: ='[7]SCB-CP'!$BS$227+500 -> 500 | F11: 300 | I11: 100 | J11: 4050.4344 | K11: 4978.2968 | L11: =B11+C11+D11 -> 3472 | M11: =J11-L11 -> 578.43439 | N11: =E11+F11+I11 -> 900 | O11: =K11-N11 -> 4078.2968
A12: 46388 | B12: ='[7]SCB-CP'!$BC$214 -> 2639 | C12: 200 | D12: 650 | E12: ='[7]SCB-CP'!$BT$227+1700 -> 1700 | F12: 300 | I12: 100 | J12: 4050.4344 | K12: 4978.2968 | L12: =B12+C12+D12 -> 3489 | M12: =J12-L12 -> 561.43439 | N12: =E12+F12+I12 -> 2100 | O12: =K12-N12 -> 2878.2968
A13: 46419 | B13: ='[7]SCB-CP'!$BD$214+500 -> 2671 | C13: 200 | D13: 800 | E13: ='[7]SCB-CP'!$BU$227 -> 0 | F13: 300 | I13: 1500 | J13: 3658.4569 | K13: 4496.5261 | L13: =B13+C13+D13 -> 3671 | M13: =J13-L13 -> -12.543129 | N13: =E13+F13+I13 -> 1800 | O13: =K13-N13 -> 2696.5261
A14: 46447 | B14: ='[7]SCB-CP'!$BE$214+500 -> 1500 | C14: 200 | D14: 1500 | E14: ='[7]SCB-CP'!$BV$227 -> 0 | F14: 300 | I14: 1400 | J14: 4050.4344 | K14: 4978.2968 | L14: =B14+C14+D14 -> 3200 | M14: =J14-L14 -> 850.43439 | N14: =E14+F14+I14 -> 1700 | O14: =K14-N14 -> 3278.2968
A15: 46478 | B15: ='[7]SCB-CP'!$BF$214+500 -> 1500 | C15: 200 | D15: 1800 | E15: ='[7]SCB-CP'!$BW$227 -> 0 | F15: 300 | I15: 1400 | J15: 3919.7752 | K15: 4817.7066 | L15: =B15+C15+D15 -> 3500 | M15: =J15-L15 -> 419.77522 | N15: =E15+F15+I15 -> 1700 | O15: =K15-N15 -> 3117.7066
A16: 46508 | B16: ='[7]SCB-CP'!$BG$214 -> 1850 | C16: 200 | D16: 2300 | E16: ='[7]SCB-CP'!$BX$227-1550 -> -1550 | F16: 300 | I16: 1600 | J16: 4050.4344 | K16: 4978.2968 | L16: =B16+C16+D16 -> 4350 | M16: =J16-L16 -> -299.56561 | N16: =E16+F16+I16 -> 350 | O16: =K16-N16 -> 4628.2968
B17: Total 12 months
A18: ∑ | B18: =SUM(B5:B16) -> 33089.5 | C18: =SUM(C5:C16) -> 2300 | D18: =SUM(D5:D16) -> 7950 | E18: =SUM(E5:E16) -> 0 | F18: =SUM(F5:F16) -> 2700 | G18: =SUM(G5:G16) -> 0 | H18: =SUM(H5:H16) -> 0 | I18: =SUM(I5:I16) -> 6200 | ... K18: =SUM(K5:K16) -> 58615.43
A20: Ø | B20: =AVERAGE(B5:B16) -> 2757.4583 | C20: =AVERAGE(C5:C16) -> 255.55556 | E20: =AVERAGE(E5:E16) -> 0 | F20: =AVERAGE(F5:F16) -> 300 | G20: =AVERAGE(G5:G16) -> #DIV/0! | H20: =AVERAGE(H5:H16) -> #DIV/0! | I20: =AVERAGE(I5:I16) -> 885.71429 | J20: =AVERAGE(J5:J16) -> 3974.2165 | K20: =AVERAGE(K5:K16) -> 4884.6192
E21: ='Tab. Machining'!C18+'Tab. Machining'!F18+'Tab. Machining'!G18 -> 91384.5
D22: 7800 | E22: =B18+C18+E18+I18 -> 41589.5
A23: Small | E23: =E21-E22 -> 49795 | I23: =3500+1100 -> 4600
B24: 41385.5 | G24: =B18+C18+D18+E18+F18+I18 -> 52239.5
B25: =B18-B24 -> -8296 | G25: 106704.5
E27: 49519 | H27: =8900-7800 -> 1100
E28: =E27-E18 -> 49519

Sheet Tab. RR
B2: Roll Refurbishment
B4: Month | C4: Orders | D4: last forecast | E4: report last Month | F4: Service Basic | G4: NPK
B5: 46174 | C5: ='[7]SUMMARY-CP'!$D$22 -> 1800 | G5: ='[7]SUMMARY-CP'!$D$45 -> 2264.6692 | H5: =C5+F5 -> 1800 | I5: =G5-H5 -> 464.66916
B6: 46204 | C6: ='[7]SUMMARY-CP'!$E$22 -> 1600 | G6: ='[7]SUMMARY-CP'!$E$45 -> 2340.1581 | H6: =C6+F6 -> 1600 | I6: =G6-H6 -> 740.15813
B7: 46235 | C7: ='[7]SUMMARY-CP'!$F$22 -> 1500 | G7: ='[7]SUMMARY-CP'!$F$45 -> 2340.1581 | H7: =C7+F7 -> 1500 | I7: =G7-H7 -> 840.15813
B8: 46266 | C8: ='[7]SUMMARY-CP'!$G$22 -> 1400 | G8: ='[7]SUMMARY-CP'!$G$45 -> 2264.6692 | H8: =C8+F8 -> 1400 | I8: =G8-H8 -> 864.66916
B9: 46296 | C9: ='[7]SUMMARY-CP'!$H$22 -> 1300 | G9: ='[7]SUMMARY-CP'!$H$45 -> 2340.1581 | H9: =C9+F9 -> 1300 | I9: =G9-H9 -> 1040.1581
B10: 46327 | C10: ='[7]SUMMARY-CP'!$I$22 -> 1200 | F10: 600 | G10: ='[7]SUMMARY-CP'!$I$45 -> 2264.6692 | H10: =C10+F10 -> 1800 | I10: =G10-H10 -> 464.66916
B11: 46357 | C11: ='[7]SUMMARY-CP'!$J$22 -> 1100 | F11: 600 | G11: ='[7]SUMMARY-CP'!$J$45 -> 2340.1581 | H11: =C11+F11 -> 1700 | I11: =G11-H11 -> 640.15813
B12: 46388 | C12: ='[7]SUMMARY-CP'!$K$22 -> 1100 | F12: 600 | G12: ='[7]SUMMARY-CP'!$K$45 -> 2340.1581 | H12: =C12+F12 -> 1700 | I12: =G12-H12 -> 640.15813
B13: 46419 | C13: ='[7]SUMMARY-CP'!$L$22 -> 1100 | F13: 600 | G13: ='[7]SUMMARY-CP'!$L$45 -> 2113.6912 | H13: =C13+F13 -> 1700 | I13: =G13-H13 -> 413.69122
B14: 46447 | C14: ='[7]SUMMARY-CP'!$M$22 -> 1176 | F14: 600 | G14: ='[7]SUMMARY-CP'!$M$45 -> 2340.1581 | H14: =C14+F14 -> 1776 | I14: =G14-H14 -> 564.15813
B15: 46478 | C15: ='[7]SUMMARY-CP'!$N$22 -> 1000 | F15: 600 | G15: ='[7]SUMMARY-CP'!$N$45 -> 2264.6692 | H15: =C15+F15 -> 1600 | I15: =G15-H15 -> 664.66916
B16: 46508 | C16: ='[7]SUMMARY-CP'!$O$22 -> 1000 | F16: 600 | G16: ='[7]SUMMARY-CP'!$O$45 -> 2340.1581 | H16: =C16+F16 -> 1600 | I16: =G16-H16 -> 740.15813
C17: Total 12 months
B18: ∑ | C18: =SUM(C5:C16) -> 15276 | D18: =SUM(D5:D16) -> 0 | E18: =SUM(E5:E16) -> 0 | F18: =SUM(F5:F16) -> 4200 | G18: =SUM(G5:G16) -> 27553.475
B20: Ø | C20: =AVERAGE(C5:C16) -> 1273 | D20: =AVERAGE(D5:D16) -> #DIV/0! | E20: =AVERAGE(E5:E16) -> #DIV/0! | F20: =AVERAGE(F5:F16) -> 600 | G20: =AVERAGE(G5:G16) -> 2296.1229

Sheet Tab. Plating
B2: Plating
B4: Month | C4: Orders | D4: last forecast | E4: report last Month | F4: Service Basic | G4: NPK
B5: 46174 | C5: ='[7]SUMMARY-CP'!$D$23 -> 1300 | G5: ='[7]SUMMARY-CP'!$D$46 -> 2441.1008 | I5: =C5+F5 -> 1300 | J5: =G5-I5 -> 1141.1008
B6: 46204 | C6: ='[7]SUMMARY-CP'!$E$23 -> 1300 | G6: ='[7]SUMMARY-CP'!$E$46 -> 2522.4708 | I6: =C6+F6 -> 1300 | J6: =G6-I6 -> 1222.4708
B7: 46235 | C7: ='[7]SUMMARY-CP'!$F$23 -> 1200 | G7: ='[7]SUMMARY-CP'!$F$46 -> 2522.4708 | I7: =C7+F7 -> 1200 | J7: =G7-I7 -> 1322.4708
B8: 46266 | C8: ='[7]SUMMARY-CP'!$G$23 -> 1000 | F8: 1400 | G8: ='[7]SUMMARY-CP'!$G$46 -> 2441.1008 | I8: =C8+F8 -> 2400 | J8: =G8-I8 -> 41.100822
B9: 46296 | C9: ='[7]SUMMARY-CP'!$H$23 -> 1000 | F9: 1500 | G9: ='[7]SUMMARY-CP'!$H$46 -> 2522.4708 | I9: =C9+F9 -> 2500 | J9: =G9-I9 -> 22.470849
B10: 46327 | C10: ='[7]SUMMARY-CP'!$I$23 -> 890 | F10: 1556 | G10: ='[7]SUMMARY-CP'!$I$46 -> 2441.1008 | I10: =C10+F10 -> 2446 | J10: =G10-I10 -> -4.8991781
B11: 46357 | C11: ='[7]SUMMARY-CP'!$J$23 -> 800 | F11: 1556 | G11: ='[7]SUMMARY-CP'!$J$46 -> 2522.4708 | I11: =C11+F11 -> 2356 | J11: =G11-I11 -> 166.47085
B12: 46388 | C12: ='[7]SUMMARY-CP'!$K$23 -> 700 | F12: 1556 | G12: ='[7]SUMMARY-CP'!$K$46 -> 2522.4708 | I12: =C12+F12 -> 2256 | J12: =G12-I12 -> 266.47085
B13: 46419 | C13: ='[7]SUMMARY-CP'!$L$23 -> 600 | F13: 1555 | G13: ='[7]SUMMARY-CP'!$L$46 -> 2278.3608 | I13: =C13+F13 -> 2155 | J13: =G13-I13 -> 123.36077
B14: 46447 | C14: ='[7]SUMMARY-CP'!$M$23 -> 500 | F14: 1555 | G14: ='[7]SUMMARY-CP'!$M$46 -> 2522.4708 | I14: =C14+F14 -> 2055 | J14: =G14-I14 -> 467.47085
B15: 46478 | C15: ='[7]SUMMARY-CP'!$N$23 -> 500 | F15: 1555 | G15: ='[7]SUMMARY-CP'!$N$46 -> 2441.1008 | I15: =C15+F15 -> 2055 | J15: =G15-I15 -> 386.10082
B16: 46508 | C16: ='[7]SUMMARY-CP'!$O$23 -> 470 | F16: 1555 | G16: ='[7]SUMMARY-CP'!$O$46 -> 2522.4708 | I16: =C16+F16 -> 2025 | J16: =G16-I16 -> 497.47085
C17: Total 12 months
B18: ∑ | C18: =SUM(C5:C16) -> 10260 | D18: =SUM(D5:D16) -> 0 | E18: =SUM(E5:E16) -> 0 | F18: =SUM(F5:F16) -> 13788 | G18: =SUM(G5:G16) -> 29700.06
B20: Ø | C20: =AVERAGE(C5:C16) -> 855 | D20: =AVERAGE(D5:D16) -> #DIV/0! | E20: =AVERAGE(E5:E16) -> #DIV/0! | F20: =AVERAGE(F5:F16) -> 1532 | G20: =AVERAGE(G5:G16) -> 2475.005

Sheet Tab. Production
B2: Production
B4: Month | C4: Orders | D4: last forecast | E4: report last Month | F4: LOI | G4: SMI | H4: LABOUR SUPPLY | I4: NPK +LABOUR SUPPLY Capacity | J4: Total Job contractor | K4: Service Basic | L4: NPK + Labour Supply+ Job contractor capacity
B5: 46174 | C5: ='Tab. Welding'!C5+'Tab. Assembly'!C5+'Tab. Machining'!C5+'Tab. RR'!C5+'Tab. Plating'!C5 -> 66834.25 | D5: ='Tab. Welding'!D5+'Tab. Assembly'!D5+'Tab. Machining'!D5+'Tab. RR'!D5+'Tab. Plating'!D5 -> 0 | E5: ='Tab. Welding'!E5+'Tab. Assembly'!E5+'Tab. Machining'!E5+'Tab. RR'!E5+'Tab. Plating'!E5 -> 0 | F5: ='Tab. Welding'!F5+'Tab. Assembly'!F5+'Tab. Machining'!F5 -> 0 | G5: ='Tab. Welding'!G5+'Tab. Assembly'!G5+'Tab. Machining'!H5+'Tab. RR'!G5+'Tab. Plating'!G5 -> 16391.022 | H5: ='Tab. Welding'!H5+'Tab. Assembly'!I5 -> 24202.202 | I5: =G5+H5 -> 40593.225 | J5: ='Tab. Welding'!L5+'Tab. Assembly'!H5 -> 27741.037 | K5: ='Tab. Machining'!G5+'Tab. Assembly'!E5 -> 0 | L5: =I5+J5 -> 68334.261
B6: 46204 | C6: ='Tab. Welding'!C6+'Tab. Assembly'!C6+'Tab. Machining'!C6+'Tab. RR'!C6+'Tab. Plating'!C6 -> 64262.25 | D6: ='Tab. Welding'!D6+'Tab. Assembly'!D6+'Tab. Machining'!D6+'Tab. RR'!D6+'Tab. Plating'!D6 -> 0 | E6: ='Tab. Welding'!E6+'Tab. Assembly'!E6+'Tab. Machining'!E6+'Tab. RR'!E6+'Tab. Plating'!E6 -> 0 | F6: ='Tab. Welding'!F6+'Tab. Assembly'!F6+'Tab. Machining'!F6 -> 435 | G6: ='Tab. Welding'!G6+'Tab. Assembly'!G6+'Tab. Machining'!H6+'Tab. RR'!G6+'Tab. Plating'!G6 -> 16937.39 | H6: ='Tab. Welding'!H6+'Tab. Assembly'!I6 -> 25008.942 | I6: =G6+H6 -> 41946.332 | J6: ='Tab. Welding'!L6+'Tab. Assembly'!H6 -> 28665.738 | K6: ='Tab. Machining'!G6+'Tab. Assembly'!E6 -> 0 | L6: =I6+J6 -> 70612.07
B7: 46235 | C7: ='Tab. Welding'!C7+'Tab. Assembly'!C7+'Tab. Machining'!C7+'Tab. RR'!C7+'Tab. Plating'!C7 -> 63695.75 | D7: ='Tab. Welding'!D7+'Tab. Assembly'!D7+'Tab. Machining'!D7+'Tab. RR'!D7+'Tab. Plating'!D7 -> 0 | E7: ='Tab. Welding'!E7+'Tab. Assembly'!E7+'Tab. Machining'!E7+'Tab. RR'!E7+'Tab. Plating'!E7 -> 0 | F7: ='Tab. Welding'!F7+'Tab. Assembly'!F7+'Tab. Machining'!F7 -> 435 | G7: ='Tab. Welding'!G7+'Tab. Assembly'!G7+'Tab. Machining'!H7+'Tab. RR'!G7+'Tab. Plating'!G7 -> 16937.39 | H7: ='Tab. Welding'!H7+'Tab. Assembly'!I7 -> 25008.942 | I7: =G7+H7 -> 41946.332 | J7: ='Tab. Welding'!L7+'Tab. Assembly'!H7 -> 28665.738 | K7: ='Tab. Machining'!G7+'Tab. Assembly'!E7 -> 0 | L7: =I7+J7 -> 70612.07
B8: 46266 | C8: ='Tab. Welding'!C8+'Tab. Assembly'!C8+'Tab. Machining'!C8+'Tab. RR'!C8+'Tab. Plating'!C8 -> 59171.75 | D8: ='Tab. Welding'!D8+'Tab. Assembly'!D8+'Tab. Machining'!D8+'Tab. RR'!D8+'Tab. Plating'!D8 -> 0 | E8: ='Tab. Welding'!E8+'Tab. Assembly'!E8+'Tab. Machining'!E8+'Tab. RR'!E8+'Tab. Plating'!E8 -> 0 | F8: ='Tab. Welding'!F8+'Tab. Assembly'!F8+'Tab. Machining'!F8 -> 0 | G8: ='Tab. Welding'!G8+'Tab. Assembly'!G8+'Tab. Machining'!H8+'Tab. RR'!G8+'Tab. Plating'!G8 -> 16391.022 | H8: ='Tab. Welding'!H8+'Tab. Assembly'!I8 -> 24202.202 | I8: =G8+H8 -> 40593.225 | J8: ='Tab. Welding'!L8+'Tab. Assembly'!H8 -> 27741.037 | K8: ='Tab. Machining'!G8+'Tab. Assembly'!E8+'Tab. RR'!F8+'Tab. Plating'!F8 -> 2167 | L8: =I8+J8 -> 68334.261
B9: 46296 | C9: ='Tab. Welding'!C9+'Tab. Assembly'!C9+'Tab. Machining'!C9+'Tab. RR'!C9+'Tab. Plating'!C9 -> 60160.5 | D9: ='Tab. Welding'!D9+'Tab. Assembly'!D9+'Tab. Machining'!D9+'Tab. RR'!D9+'Tab. Plating'!D9 -> 0 | E9: ='Tab. Welding'!E9+'Tab. Assembly'!E9+'Tab. Machining'!E9+'Tab. RR'!E9+'Tab. Plating'!E9 -> 0 | F9: ='Tab. Welding'!F9+'Tab. Assembly'!F9+'Tab. Machining'!F9 -> 0 | G9: ='Tab. Welding'!G9+'Tab. Assembly'!G9+'Tab. Machining'!H9+'Tab. RR'!G9+'Tab. Plating'!G9 -> 16937.39 | H9: ='Tab. Welding'!H9+'Tab. Assembly'!I9 -> 25008.942 | I9: =G9+H9 -> 41946.332 | J9: ='Tab. Welding'!L9+'Tab. Assembly'!H9 -> 28665.738 | K9: ='Tab. Machining'!G9+'Tab. Assembly'!E9+'Tab. RR'!F9+'Tab. Plating'!F9 -> 2267 | L9: =I9+J9 -> 70612.07
B10: 46327 | C10: ='Tab. Welding'!C10+'Tab. Assembly'!C10+'Tab. Machining'!C10+'Tab. RR'!C10+'Tab. Plating'!C10 -> 54701.5 | D10: ='Tab. Welding'!D10+'Tab. Assembly'!D10+'Tab. Machining'!D10+'Tab. RR'!D10+'Tab. Plating'!D10 -> 0 | E10: ='Tab. Welding'!E10+'Tab. Assembly'!E10+'Tab. Machining'!E10+'Tab. RR'!E10+'Tab. Plating'!E10 -> 200 | F10: ='Tab. Welding'!F10+'Tab. Assembly'!F10+'Tab. Machining'!F10 -> 5000 | G10: ='Tab. Welding'!G10+'Tab. Assembly'!G10+'Tab. Machining'!H10+'Tab. RR'!G10+'Tab. Plating'!G10 -> 16391.022 | H10: ='Tab. Welding'!H10+'Tab. Assembly'!I10 -> 24202.202 | I10: =G10+H10 -> 40593.225 | J10: ='Tab. Welding'!L10+'Tab. Assembly'!H10 -> 27741.037 | K10: ='Tab. Machining'!G10+'Tab. Assembly'!E10+'Tab. RR'!F10+'Tab. Plating'!F10 -> 3123 | L10: =I10+J10 -> 68334.261
B11: 46357 | C11: ='Tab. Welding'!C11+'Tab. Assembly'!C11+'Tab. Machining'!C11+'Tab. RR'!C11+'Tab. Plating'!C11 -> 37946 | D11: ='Tab. Welding'!D11+'Tab. Assembly'!D11+'Tab. Machining'!D11+'Tab. RR'!D11+'Tab. Plating'!D11 -> 0 | E11: ='Tab. Welding'!E11+'Tab. Assembly'!E11+'Tab. Machining'!E11+'Tab. RR'!E11+'Tab. Plating'!E11 -> 200 | F11: ='Tab. Welding'!F11+'Tab. Assembly'!F11+'Tab. Machining'!F11 -> 20500 | G11: ='Tab. Welding'!G11+'Tab. Assembly'!G11+'Tab. Machining'!H11+'Tab. RR'!G11+'Tab. Plating'!G11 -> 16937.39 | H11: ='Tab. Welding'!H11+'Tab. Assembly'!I11 -> 25008.942 | I11: =G11+H11 -> 41946.332 | J11: ='Tab. Welding'!L11+'Tab. Assembly'!H11 -> 28665.738 | K11: ='Tab. Machining'!G11+'Tab. Assembly'!E11+'Tab. RR'!F11+'Tab. Plating'!F11 -> 3123 | L11: =I11+J11 -> 70612.07
B12: 46388 | C12: ='Tab. Welding'!C12+'Tab. Assembly'!C12+'Tab. Machining'!C12+'Tab. RR'!C12+'Tab. Plating'!C12 -> 32109 | D12: ='Tab. Welding'!D12+'Tab. Assembly'!D12+'Tab. Machining'!D12+'Tab. RR'!D12+'Tab. Plating'!D12 -> 0 | E12: ='Tab. Welding'!E12+'Tab. Assembly'!E12+'Tab. Machining'!E12+'Tab. RR'!E12+'Tab. Plating'!E12 -> 200 | F12: ='Tab. Welding'!F12+'Tab. Assembly'!F12+'Tab. Machining'!F12 -> 22750 | G12: ='Tab. Welding'!G12+'Tab. Assembly'!G12+'Tab. Machining'!H12+'Tab. RR'!G12+'Tab. Plating'!G12 -> 16937.39 | H12: ='Tab. Welding'!H12+'Tab. Assembly'!I12 -> 25008.942 | I12: =G12+H12 -> 41946.332 | J12: ='Tab. Welding'!L12+'Tab. Assembly'!H12 -> 28665.738 | K12: ='Tab. Machining'!G12+'Tab. Assembly'!E12+'Tab. RR'!F12+'Tab. Plating'!F12 -> 3123 | L12: =I12+J12 -> 70612.07
B13: 46419 | C13: ='Tab. Welding'!C13+'Tab. Assembly'!C13+'Tab. Machining'!C13+'Tab. RR'!C13+'Tab. Plating'!C13 -> 18042 | D13: ='Tab. Welding'!D13+'Tab. Assembly'!D13+'Tab. Machining'!D13+'Tab. RR'!D13+'Tab. Plating'!D13 -> 0 | E13: ='Tab. Welding'!E13+'Tab. Assembly'!E13+'Tab. Machining'!E13+'Tab. RR'!E13+'Tab. Plating'!E13 -> 200 | F13: ='Tab. Welding'!F13+'Tab. Assembly'!F13+'Tab. Machining'!F13 -> 28500 | G13: ='Tab. Welding'!G13+'Tab. Assembly'!G13+'Tab. Machining'!H13+'Tab. RR'!G13+'Tab. Plating'!G13 -> 15298.288 | H13: ='Tab. Welding'!H13+'Tab. Assembly'!I13 -> 22588.722 | I13: =G13+H13 -> 37887.01 | J13: ='Tab. Welding'!L13+'Tab. Assembly'!H13 -> 25891.634 | K13: ='Tab. Machining'!G13+'Tab. Assembly'!E13+'Tab. RR'!F13+'Tab. Plating'!F13 -> 3122 | L13: =I13+J13 -> 63778.644
B14: 46447 | C14: ='Tab. Welding'!C14+'Tab. Assembly'!C14+'Tab. Machining'!C14+'Tab. RR'!C14+'Tab. Plating'!C14 -> 11532 | D14: ='Tab. Welding'!D14+'Tab. Assembly'!D14+'Tab. Machining'!D14+'Tab. RR'!D14+'Tab. Plating'!D14 -> 0 | E14: ='Tab. Welding'!E14+'Tab. Assembly'!E14+'Tab. Machining'!E14+'Tab. RR'!E14+'Tab. Plating'!E14 -> 200 | F14: ='Tab. Welding'!F14+'Tab. Assembly'!F14+'Tab. Machining'!F14 -> 33800 | G14: ='Tab. Welding'!G14+'Tab. Assembly'!G14+'Tab. Machining'!H14+'Tab. RR'!G14+'Tab. Plating'!G14 -> 16937.39 | H14: ='Tab. Welding'!H14+'Tab. Assembly'!I14 -> 25008.942 | I14: =G14+H14 -> 41946.332 | J14: ='Tab. Welding'!L14+'Tab. Assembly'!H14 -> 28665.738 | K14: ='Tab. Machining'!G14+'Tab. Assembly'!E14+'Tab. RR'!F14+'Tab. Plating'!F14 -> 3121 | L14: =I14+J14 -> 70612.07
B15: 46478 | C15: ='Tab. Welding'!C15+'Tab. Assembly'!C15+'Tab. Machining'!C15+'Tab. RR'!C15+'Tab. Plating'!C15 -> 8732 | D15: ='Tab. Welding'!D15+'Tab. Assembly'!D15+'Tab. Machining'!D15+'Tab. RR'!D15+'Tab. Plating'!D15 -> 0 | E15: ='Tab. Welding'!E15+'Tab. Assembly'!E15+'Tab. Machining'!E15+'Tab. RR'!E15+'Tab. Plating'!E15 -> 200 | F15: ='Tab. Welding'!F15+'Tab. Assembly'!F15+'Tab. Machining'!F15 -> 34700 | G15: ='Tab. Welding'!G15+'Tab. Assembly'!G15+'Tab. Machining'!H15+'Tab. RR'!G15+'Tab. Plating'!G15 -> 16391.022 | H15: ='Tab. Welding'!H15+'Tab. Assembly'!I15 -> 24202.202 | I15: =G15+H15 -> 40593.225 | J15: ='Tab. Welding'!L15+'Tab. Assembly'!H15 -> 27741.037 | K15: ='Tab. Machining'!G15+'Tab. Assembly'!E15+'Tab. RR'!F15+'Tab. Plating'!F15 -> 3121 | L15: =I15+J15 -> 68334.261
B16: 46508 | C16: ='Tab. Welding'!C16+'Tab. Assembly'!C16+'Tab. Machining'!C16+'Tab. RR'!C16+'Tab. Plating'!C16 -> 9332 | D16: ='Tab. Welding'!D16+'Tab. Assembly'!D16+'Tab. Machining'!D16+'Tab. RR'!D16+'Tab. Plating'!D16 -> 0 | E16: ='Tab. Welding'!E16+'Tab. Assembly'!E16+'Tab. Machining'!E16+'Tab. RR'!E16+'Tab. Plating'!E16 -> 200 | F16: ='Tab. Welding'!F16+'Tab. Assembly'!F16+'Tab. Machining'!F16 -> 35000 | G16: ='Tab. Welding'!G16+'Tab. Assembly'!G16+'Tab. Machining'!H16+'Tab. RR'!G16+'Tab. Plating'!G16 -> 16937.39 | H16: ='Tab. Welding'!H16+'Tab. Assembly'!I16 -> 25008.942 | I16: =G16+H16 -> 41946.332 | J16: ='Tab. Welding'!L16+'Tab. Assembly'!H16 -> 28665.738 | K16: ='Tab. Machining'!G16+'Tab. Assembly'!E16+'Tab. RR'!F16+'Tab. Plating'!F16 -> 3121 | L16: =I16+J16 -> 70612.07
C17: Total 12 months
B18: ∑ | C18: =SUM(C5:C16) -> 486519 | D18: =SUM(D5:D16) -> 0 | E18: =SUM(E5:E16) -> 1400 | F18: =SUM(F5:F16) -> 181120 | G18: =SUM(G5:G16) -> 199424.11 | H18: =SUM(H5:H16) -> 294460.13 | I18: =SUM(I5:I16) -> 493884.23 | J18: =SUM(J5:J16) -> 337515.95 | ... L18: =SUM(L5:L16) -> 831400.18
B20: Ø | C20: =AVERAGE(C5:C16) -> 40543.25 | D20: =AVERAGE(D5:D16) -> 0 | E20: =AVERAGE(E5:E16) -> 116.66667 | F20: =AVERAGE(F5:F16) -> 15093.333 | G20: =AVERAGE(G5:G16) -> 16618.675 | H20: =AVERAGE(H5:H16) -> 24538.344 | I20: =AVERAGE(I5:I16) -> 41157.019 | J20: =AVERAGE(J5:J16) -> 28126.329 | ... L20: =AVERAGE(L5:L16) -> 69283.348

Sheet Charts
C2: 1. The utilization shown is for Bhubaneswar location = Khurda + Mancheswar Workshops
C5: Produktion Mönchengladbach – PDM Workshop | AU5: Milling Machine 5A+3A+SK+IB | BH5: Lathe ( 3-CNC + 5-CNC + GI ) | BU5: Mancheswar Machining
C27: Schweißtechn. Fertigung – PDMW Welding | AU27: Hundai
BH28: Mancheswar Welding | BU28: Mancheswar Assembly
D49: PDx | S49: PDxM | AI49: PDxM | AV49: PDxM (Small Machine) | BI49: PDxM (3CNC+5CNC+GI))
G51: NPK f. 12 Mth.: | I51: ='Tab. Production'!G18 -> 199424.11 | M51: Order backlog f. 12 Mth.: | O51: ='Tab. Production'!C18 -> 486519 | W51: NPK f. 12 Mth.: | Y51: ='Tab. Machining'!H18 -> 106306.03 | AC51: Order backlog f. 12 Mth.: | AE51: ='Tab. Machining'!C18 -> 68584.5 | AL51: NPK f. 12 Mth.: | AN51: ='Tab. RR'!G18 -> 27553.475 | AR51: Order backlog f. 12 Mth.: | AT51: ='Tab. RR'!C18 -> 15276 | AY51: NPK f. 12 Mth.: | BA51: ='Service Machining'!#REF! -> #REF! | BE51: Order backlog f. 12 Mth.: | BG51: ='Service Machining'!#REF! -> #REF! | BL51: NPK f. 12 Mth.: | BN51: ='Service Machining'!K18 -> 58615.43 | BR51: Order backlog f. 12 Mth.: | BU51: ='Service Machining'!E18 -> 0
G53: NPK + Lab. Cont.: | I53: ='Tab. Production'!I18 -> 493884.23 | M53: LOI backlog f. 12 Mth.: | O53: ='Tab. Production'!F18 -> 181120 | AC53: LOI backlog f. 12 Mth.: | AE53: ='Tab. Machining'!F18 -> 15900 | AR53: LOI backlog f. 12 Mth.: | AT53: ='Tab. RR'!F18 -> 4200 | BE53: LOI backlog f. 12 Mth.: | BG53: ='Tab. Machining'!AE18 -> 0 | BR53: LOI backlog f. 12 Mth.: | BU53: ='Service Machining'!I18 -> 6200
M55: Basic/Service f. 12 Mth.: | O55: ='Tab. Production'!K18 -> 26288 | AC55: Basic/Service f. 12 Mth.: | AE55: ='Tab. Machining'!G18 -> 6900 | BE55: Basic/Service f. 12 Mth.: | BR55: Basic/Service f. 12 Mth.: | BU55: ='Service Machining'!F18 -> 2700
G56: NPK + Lab. & Job Cont: | I56: ='Tab. Production'!L18 -> 831400.18
D61: PDxW | T61: PDxA | AI61: PDxM | AV61: PDxM (SKODA+IB+5A+3A) | BI61: Mancheswar Welding
G63: NPK f. 12 Mth.: | I63: ='Tab. Welding'!G18 -> 19367.917 | M63: Order backlog f. 12 Mth.: | O63: ='Tab. Welding'!C18 -> 346663.5 | W63: NPK f. 12 Mth.: | Y63: ='Tab. Assembly'!G18 -> 16496.625 | AC63: Order backlog f. 12 Mth.: | AE63: ='Tab. Assembly'!C18 -> 45735 | AL63: NPK f. 12 Mth.: | AN63: ='Tab. Plating'!G18 -> 29700.06 | AR63: Order backlog f. 12 Mth.: | AT63: ='Tab. Plating'!C18 -> 10260 | AY63: NPK f. 12 Mth.: | BA63: ='Service Machining'!J18 -> 47690.599 | BE63: Order backlog f. 12 Mth.: | BG63: ='Service Machining'!B18 -> 33089.5 | BL63: NPK f. 12 Mth.: | BN63: =#REF! -> #REF! | BR63: Order backlog f. 12 Mth.: | BT63: =#REF! -> #REF!
G65: NPK + Lab. Cont.: | I65: ='Tab. Welding'!I18 -> 280834.8 | M65: LOI backlog f. 12 Mth.: | O65: ='Tab. Welding'!F18 -> 149870 | W65: NPK + Lab. & Job Cont: | Y65: ='Tab. Assembly'!J18 -> 65986.5 | AC65: LOI backlog f. 12 Mth.: | AE65: ='Tab. Assembly'!F18 -> 15350 | AR65: LOI backlog f. 12 Mth.: | AT65: ='Tab. Plating'!F18 -> 13788 | BE65: LOI backlog f. 12 Mth.: | BG65: ='Service Machining'!D18 -> 7950 | BR65: LOI backlog f. 12 Mth.: | BT65: ='Tab. Machining'!AR30 -> 0
BG66: x`
G67: NPK + Lab. & Job Cont: | I67: ='Tab. Welding'!M18 -> 601854.12 | AC67: Basic/Service f. 12 Mth.: | AE67: ='Tab. Assembly'!E18 -> 1400 | BE67: Basic/Service f. 12 Mth.: | BG67: ='Service Machining'!C18 -> 2300 | BR67: Basic/Service f. 12 Mth.: | BT67: ='Service Machining'!Q18 -> 0

Sheet Sheet1

Sheet Orders not planned
A1: customer | B1: project naming | C1: dep. | D1: 42826 | E1: 42856 | F1: 42887 | G1: 42917 | H1: 42948 | I1: 42979 | J1: 43009 | K1: 43040 | L1: 43070 | M1: 43101 | N1: 43132 | O1: 43160 | P1: 43191 | Q1: 43221 | R1: 43252 | S1: 43282 | T1: 43313 | U1: 43344
C2: SW
C3: MW
C4: MO
C5: SW
C6: MW
C7: MO
C8: SW
C9: MW
C10: MO
C11: SW
C12: MW
C13: MO
... C22: MO
C24: Σ SW | D24: =SUMIF($C$2:$C$22,RIGHT($C24,2),D$2:D$22) -> 0 | E24: =SUMIF($C$2:$C$22,RIGHT($C24,2),E$2:E$22) -> 0 | F24: =SUMIF($C$2:$C$22,RIGHT($C24,2),F$2:F$22) -> 0 | G24: =SUMIF($C$2:$C$22,RIGHT($C24,2),G$2:G$22) -> 0 | H24: =SUMIF($C$2:$C$22,RIGHT($C24,2),H$2:H$22) -> 0 | I24: =SUMIF($C$2:$C$22,RIGHT($C24,2),I$2:I$22) -> 0 | J24: =SUMIF($C$2:$C$22,RIGHT($C24,2),J$2:J$22) -> 0 | K24: =SUMIF($C$2:$C$22,RIGHT($C24,2),K$2:K$22) -> 0 | ... U24: =SUMIF($C$2:$C$22,RIGHT($C24,2),U$2:U$22) -> 0
C25: Σ MW | D25: =SUMIF($C$2:$C$22,RIGHT($C25,2),D$2:D$22) -> 0 | E25: =SUMIF($C$2:$C$22,RIGHT($C25,2),E$2:E$22) -> 0 | F25: =SUMIF($C$2:$C$22,RIGHT($C25,2),F$2:F$22) -> 0 | G25: =SUMIF($C$2:$C$22,RIGHT($C25,2),G$2:G$22) -> 0 | H25: =SUMIF($C$2:$C$22,RIGHT($C25,2),H$2:H$22) -> 0 | I25: =SUMIF($C$2:$C$22,RIGHT($C25,2),I$2:I$22) -> 0 | J25: =SUMIF($C$2:$C$22,RIGHT($C25,2),J$2:J$22) -> 0 | K25: =SUMIF($C$2:$C$22,RIGHT($C25,2),K$2:K$22) -> 0 | ... U25: =SUMIF($C$2:$C$22,RIGHT($C25,2),U$2:U$22) -> 0
C26: Σ MO | D26: =SUMIF($C$2:$C$22,RIGHT($C26,2),D$2:D$22) -> 0 | E26: =SUMIF($C$2:$C$22,RIGHT($C26,2),E$2:E$22) -> 0 | F26: =SUMIF($C$2:$C$22,RIGHT($C26,2),F$2:F$22) -> 0 | G26: =SUMIF($C$2:$C$22,RIGHT($C26,2),G$2:G$22) -> 0 | H26: =SUMIF($C$2:$C$22,RIGHT($C26,2),H$2:H$22) -> 0 | I26: =SUMIF($C$2:$C$22,RIGHT($C26,2),I$2:I$22) -> 0 | J26: =SUMIF($C$2:$C$22,RIGHT($C26,2),J$2:J$22) -> 0 | K26: =SUMIF($C$2:$C$22,RIGHT($C26,2),K$2:K$22) -> 0 | ... U26: =SUMIF($C$2:$C$22,RIGHT($C26,2),U$2:U$22) -> 0

Sheet LOI not planned
A1: customer | B1: project naming | C1: dep.
C2: SW
C3: MW
C4: MO
C5: SW
C6: MW
C7: MO
C8: SW
C9: MW
C10: MO
C11: SW
C12: MW
C13: MO
... C22: MO
C24: Σ SW | D24: =SUMIF($C$2:$C$22,RIGHT($C24,2),D$2:D$22) -> 0 | E24: =SUMIF($C$2:$C$22,RIGHT($C24,2),E$2:E$22) -> 0 | F24: =SUMIF($C$2:$C$22,RIGHT($C24,2),F$2:F$22) -> 0 | G24: =SUMIF($C$2:$C$22,RIGHT($C24,2),G$2:G$22) -> 0 | H24: =SUMIF($C$2:$C$22,RIGHT($C24,2),H$2:H$22) -> 0 | I24: =SUMIF($C$2:$C$22,RIGHT($C24,2),I$2:I$22) -> 0 | J24: =SUMIF($C$2:$C$22,RIGHT($C24,2),J$2:J$22) -> 0 | K24: =SUMIF($C$2:$C$22,RIGHT($C24,2),K$2:K$22) -> 0 | ... Y24: =SUMIF($C$2:$C$22,RIGHT($C24,2),Y$2:Y$22) -> 0
C25: Σ MW | D25: =SUMIF($C$2:$C$22,RIGHT($C25,2),D$2:D$22) -> 0 | E25: =SUMIF($C$2:$C$22,RIGHT($C25,2),E$2:E$22) -> 0 | F25: =SUMIF($C$2:$C$22,RIGHT($C25,2),F$2:F$22) -> 0 | G25: =SUMIF($C$2:$C$22,RIGHT($C25,2),G$2:G$22) -> 0 | H25: =SUMIF($C$2:$C$22,RIGHT($C25,2),H$2:H$22) -> 0 | I25: =SUMIF($C$2:$C$22,RIGHT($C25,2),I$2:I$22) -> 0 | J25: =SUMIF($C$2:$C$22,RIGHT($C25,2),J$2:J$22) -> 0 | K25: =SUMIF($C$2:$C$22,RIGHT($C25,2),K$2:K$22) -> 0 | ... Y25: =SUMIF($C$2:$C$22,RIGHT($C25,2),Y$2:Y$22) -> 0
C26: Σ MO | D26: =SUMIF($C$2:$C$22,RIGHT($C26,2),D$2:D$22) -> 0 | E26: =SUMIF($C$2:$C$22,RIGHT($C26,2),E$2:E$22) -> 0 | F26: =SUMIF($C$2:$C$22,RIGHT($C26,2),F$2:F$22) -> 0 | G26: =SUMIF($C$2:$C$22,RIGHT($C26,2),G$2:G$22) -> 0 | H26: =SUMIF($C$2:$C$22,RIGHT($C26,2),H$2:H$22) -> 0 | I26: =SUMIF($C$2:$C$22,RIGHT($C26,2),I$2:I$22) -> 0 | J26: =SUMIF($C$2:$C$22,RIGHT($C26,2),J$2:J$22) -> 0 | K26: =SUMIF($C$2:$C$22,RIGHT($C26,2),K$2:K$22) -> 0 | ... Y26: =SUMIF($C$2:$C$22,RIGHT($C26,2),Y$2:Y$22) -> 0
